Date/Time,Year,Month,Day,Data Quality,Max Temp (хбC),Max Temp Flag,Min Temp (хбC),Min Temp Flag,Mean Temp (хбC),Mean Temp Flag,Heat Deg Days (хбC),Heat Deg Days Flag,Cool Deg Days (хбC),Cool Deg Days Flag,Total Rain (mm),Total Rain Flag,Total Snow (cm),Total Snow Flag,Total Precip (mm),Total Precip Flag,Snow on Grnd (cm),Snow on Grnd Flag,Dir of Max Gust (10s deg),Dir of Max Gust Flag,Spd of Max Gust (km/h),Spd of Max Gust Flag
1993-01-01,1993,1,1,ха,-7.2,,-19.1,,-13.2,,31.2,,0,,0,,1.6,,1,,22,,31,,37,
1993-01-02,1993,1,2,ха,-14.5,,-22.9,,-18.7,,36.7,,0,,0,,0,T,0,T,21,,24,,35,
1993-01-03,1993,1,3,ха,-4.7,,-24.5,,-14.6,,32.6,,0,,2,,4.6,,6.8,,21,,,,<31,
1993-01-04,1993,1,4,ха,1.7,,-4.9,,-1.6,,19.6,,0,,17.8,,0,,17.8,,24,,,,<31,
1993-01-05,1993,1,5,ха,1.9,,-10.5,,-4.3,,22.3,,0,,17,,6.2,,22,,14,,10,,48,
1993-01-06,1993,1,6,,,,,,,,,,,,,,,,,,,,,,,
1993-01-07,1993,1,7,ха,-2.7,,-9.4,,-6.1,,24.1,,0,,0,,0.6,,0.2,,15,,27,,32,
1993-01-08,1993,1,8,ха,-3.6,,-22.1,,-12.9,,30.9,,0,,0,,0,T,0,T,15,,,,<31,
1993-01-09,1993,1,9,ха,-14.8,,-22.4,,-18.6,,36.6,,0,,0,,0,,0,,15,,,,<31,
1993-01-10,1993,1,10,,,,,,,,,,,,,,,,,,,,,,,
1993-01-11,1993,1,11,ха,-13.3,,-22.8,,-18.1,,36.1,,0,,0,,0,,0,,15,,,,<31,
1993-01-12,1993,1,12,ха,-10.8,,-22.7,,-16.8,,34.8,,0,,0,,0,,0,,15,,,,<31,
1993-01-13,1993,1,13,ха,-10.7,,-15.1,,-12.9,,30.9,,0,,0,,0,T,0,T,15,,7,,52,
1993-01-14,1993,1,14,ха,-11.8,,-18.3,,-15.1,,33.1,,0,,0,,0,T,0,T,15,,6,,35,
1993-01-15,1993,1,15,ха,-11.1,,-21.1,,-16.1,,34.1,,0,,0,,1.2,,1.2,,15,,,,<31,
1993-01-16,1993,1,16,ха,-6,,-16.4,,-11.2,,29.2,,0,,0,,0.8,,0.4,,16,,,,<31,
1993-01-17,1993,1,17,ха,-2.3,,-9.8,,-6.1,,24.1,,0,,0,,4.4,,2,,17,,27,,33,
1993-01-18,1993,1,18,ха,-9.7,,-19.1,,-14.4,,32.4,,0,,0,,0,,0,,21,,26,,37,
1993-01-19,1993,1,19,,,,,,,,,,,,,,,,,,,,,,,
1993-01-20,1993,1,20,ха,-2.9,,-19.2,,-11.1,,29.1,,0,,0,,0.8,,0.4,,23,,26,,32,
1993-01-21,1993,1,21,ха,-1.1,,-13.9,,-7.5,,25.5,,0,,0,,0,T,0,T,23,,,,<31,
1993-01-22,1993,1,22,ха,-0.7,,-10.1,,-5.4,,23.4,,0,,5.6,,1.6,,7.2,,23,,,,<31,
1993-01-23,1993,1,23,ха,1.6,,-1.3,,0.2,,17.8,,0,,0.4,,0.4,,0.8,,23,,,,<31,
1993-01-24,1993,1,24,ха,1.2,,-4.2,,-1.5,,19.5,,0,,12.2,,1.2,,14.4,,23,,,,<31,
1993-01-25,1993,1,25,ха,1.9,,-18.3,,-8.2,,26.2,,0,,4.6,,2,,6.8,,23,,26,,63,
1993-01-26,1993,1,26,ха,-10.3,,-19.4,,-14.9,,32.9,,0,,0,,0,,0,,23,,,,<31,
1993-01-27,1993,1,27,ха,-4.1,,-13.4,,-8.8,,26.8,,0,,0,,1.6,,0.8,,23,,,,<31,
1993-01-28,1993,1,28,ха,-5,,-18,,-11.5,,29.5,,0,,0,,0,T,0,T,24,,23,,37,
1993-01-29,1993,1,29,ха,-9.9,,-22.6,,-16.3,,34.3,,0,,0,,4.6,,3,,25,,27,,41,
1993-01-30,1993,1,30,,,,,,,,,,,,,,,,,,,,,,,
1993-01-31,1993,1,31,,,,,,,,,,,,,,,,,,,,,,,
1993-02-01,1993,2,1,,,,,,,,,,,,,,,,,,,,,,,
1993-02-02,1993,2,2,ха,-15.3,,-25.2,,-20.3,,38.3,,0,,0,,0,T,0,T,30,,,,<31,
1993-02-03,1993,2,3,ха,-3.9,,-15.6,,-9.8,,27.8,,0,,0,,3,,1.6,,31,,32,,57,
1993-02-04,1993,2,4,ха,-9.2,,-14.8,,-12,,30,,0,,0,,0.4,,0.4,,32,,,,<31,
1993-02-05,1993,2,5,ха,-8.2,,-25.2,,-16.7,,34.7,,0,,0,,2.4,,1.6,,34,,32,,43,
1993-02-06,1993,2,6,ха,-23.3,,-29.7,,-26.5,,44.5,,0,,0,,0,,0,,34,,33,,32,
1993-02-07,1993,2,7,ха,-16.6,,-32.6,,-24.6,,42.6,,0,,0,,0.8,,0.2,,34,,,,<31,
1993-02-08,1993,2,8,ха,-10.5,,-21,,-15.8,,33.8,,0,,0,,3.2,,1.4,,38,,28,,33,
1993-02-09,1993,2,9,,,,,,,,,,,,,,,,,,,,,,,
1993-02-10,1993,2,10,ха,-7.6,,-16.6,,-12.1,,30.1,,0,,0,,4.6,,3.4,,39,,,,<31,
1993-02-11,1993,2,11,ха,-12.8,,-21.4,,-17.1,,35.1,,0,,0,,0,,0,,41,,,,<31,
1993-02-12,1993,2,12,ха,-6.7,,-22.9,,-14.8,,32.8,,0,,0,,0,,0,,40,,7,,44,
1993-02-13,1993,2,13,ха,-4.3,,-8.5,,-6.4,,24.4,,0,,0,,12.6,,15,,45,,7,,67,
1993-02-14,1993,2,14,ха,-4.9,,-14.5,,-9.7,,27.7,,0,,0,,0.6,,0.6,,50,,30,,32,
1993-02-15,1993,2,15,ха,-8.7,,-18.5,,-13.6,,31.6,,0,,0,,0,,0,,50,,,,<31,
1993-02-16,1993,2,16,ха,-4.7,,-17.7,,-11.2,,29.2,,0,,0,,8,,6.8,,47,,6,,48,
1993-02-17,1993,2,17,,,,,,,,,,,,,,,,,,,,,,,
1993-02-18,1993,2,18,,,,,,,,,,,,,,,,,,,,,,,
1993-02-19,1993,2,19,ха,-11.6,,-23.4,,-17.5,,35.5,,0,,0,,0,,0,,52,,,,<31,
1993-02-20,1993,2,20,ха,-14.8,,-27.1,,-21,,39,,0,,0,,0,T,0,T,51,,,,<31,
1993-02-21,1993,2,21,ха,-14,,-28.2,,-21.1,,39.1,,0,,0,,0.4,,0.4,,51,,7,,43,
1993-02-22,1993,2,22,ха,-11.6,,-14.9,,-13.3,,31.3,,0,,0,,12,,7.6,,52,,7,,70,
1993-02-23,1993,2,23,ха,-9,,-12.7,,-10.9,,28.9,,0,,,M,4.2,,3.2,,58,,8,,43,
1993-02-24,1993,2,24,ха,-10.1,,-16.6,,-13.4,,31.4,,0,,0,,1.2,,0.8,,58,,24,,32,
1993-02-25,1993,2,25,ха,-11.7,,-21.2,,-16.5,,34.5,,0,,0,,0,,0,,58,,23,,35,
1993-02-26,1993,2,26,ха,-9.2,,-24.6,,-16.9,,34.9,,0,,0,,0,,0,,58,,,,<31,
1993-02-27,1993,2,27,ха,-5.4,,-22.2,,-13.8,,31.8,,0,,0,,0,,0,,58,,,,<31,
1993-02-28,1993,2,28,ха,-4.8,,-18.6,,-11.7,,29.7,,0,,0,,0,,0,,57,,,,<31,
1993-03-01,1993,3,1,ха,-5.1,,-16.9,,-11,,29,,0,,0,,0,T,0,T,55,,,,<31,
1993-03-02,1993,3,2,ха,-1.4,,-15.6,,-8.5,,26.5,,0,,0,,0,,0,,55,,,,<31,
1993-03-03,1993,3,3,ха,3,,-12.3,,-4.7,,22.7,,0,,0,,0,,0,,54,,,,<31,
1993-03-04,1993,3,4,ха,-1.3,,-10.1,,-5.7,,23.7,,0,,0,,0,,0,,52,,7,,65,
1993-03-05,1993,3,5,ха,-5.9,,-8.1,,-7,,25,,0,,0,,4.4,,3,,52,,7,,78,
1993-03-06,1993,3,6,ха,-6.5,,-10.7,,-8.6,,26.6,,0,,0,,4.4,,3.8,,56,,7,,65,
1993-03-07,1993,3,7,ха,-0.3,,-10.3,,-5.3,,23.3,,0,,0,,1.2,,0.8,,57,,28,,37,
1993-03-08,1993,3,8,ха,0.6,,-13.8,,-6.6,,24.6,,0,,0,,0,,0,,57,,8,,37,
1993-03-09,1993,3,9,ха,-1.5,,-5.8,,-3.7,,21.7,,0,,0,,4,,4,,54,,7,,44,
1993-03-10,1993,3,10,ха,-0.5,,-6.8,,-3.7,,21.7,,0,,0,,0.8,,0.6,,56,,,,<31,
1993-03-11,1993,3,11,ха,-2.9,,-15.6,,-9.3,,27.3,,0,,0,,6.6,,5.6,,58,,32,,37,
1993-03-12,1993,3,12,ха,-13.3,,-22.1,,-17.7,,35.7,,0,,0,,0,,0,,59,,23,,48,
1993-03-13,1993,3,13,,,,,,,,,,,,,,,,,,,,,,,
1993-03-14,1993,3,14,ха,-6.1,,-17.4,,-11.8,,29.8,,0,,0,,9,,6.2,,78,,7,,83,
1993-03-15,1993,3,15,ха,-9.2,,-22.5,,-15.9,,33.9,,0,,0,,0,,0,,78,,26,,39,
1993-03-16,1993,3,16,,,,,,,,,,,,,,,,,,,,,,,
1993-03-17,1993,3,17,ха,4.3,,-17.9,,-6.8,,24.8,,0,,1.4,,0.4,,1.8,,78,,25,,54,
1993-03-18,1993,3,18,ха,-9.9,,-21.2,,-15.6,,33.6,,0,,0,,0,,0,,78,,,,<31,
1993-03-19,1993,3,19,ха,-5.1,,-20.3,,-12.7,,30.7,,0,,0,,0,,0,,77,,,,<31,
1993-03-20,1993,3,20,ха,1.5,,-15.7,,-7.1,,25.1,,0,,0,,0,T,0,T,75,,,,<31,
1993-03-21,1993,3,21,ха,0.5,,-2.5,,-1,,19,,0,,0,,8.8,,8.8,,75,,,,<31,
1993-03-22,1993,3,22,ха,1.9,,-8,,-3.1,,21.1,,0,,0,,0,T,0,T,80,,31,,33,
1993-03-23,1993,3,23,ха,-0.5,,-15,,-7.8,,25.8,,0,,0,,0,,0,,79,,,,<31,
1993-03-24,1993,3,24,,,,,,,,,,,,,,,,,,,,,,,
1993-03-25,1993,3,25,ха,7.2,,-8.1,,-0.5,,18.5,,0,,0,,0,,0,,71,,,,<31,
1993-03-26,1993,3,26,ха,8.8,,-2.6,,3.1,,14.9,,0,,0,,0,,0,,65,,,,<31,
1993-03-27,1993,3,27,,,,,,,,,,,,,,,,,,,,,,,
1993-03-28,1993,3,28,ха,9.2,,0.7,,5,,13,,0,,0,,0,,0,,52,,,,<31,
1993-03-29,1993,3,29,ха,4.9,,-0.2,,2.4,,15.6,,0,,0,,0,,0,,46,,8,,44,
1993-03-30,1993,3,30,ха,7.8,,-1.2,,3.3,,14.7,,0,,0,,0,,0,,43,,,,<31,
1993-03-31,1993,3,31,,,,,,,,,,,,,,,,,,,,,,,
1993-04-01,1993,4,1,,,,,,,,,,,,,,,,,,,,,,,
1993-04-02,1993,4,2,ха,-0.4,,-3.4,,-1.9,,19.9,,0,,0,,1,,1,,35,,7,,65,
1993-04-03,1993,4,3,ха,2,,-2.3,,-0.2,,18.2,,0,,0,,0,T,0,T,36,,8,,50,
1993-04-04,1993,4,4,,,,,,,,,,,,,,,,,,,,,,,
1993-04-05,1993,4,5,ха,9.7,,-3.5,,3.1,,14.9,,0,,0,,0,,0,,33,,,,<31,
1993-04-06,1993,4,6,ха,13.4,,-2.9,,5.3,,12.7,,0,,0,,0,,0,,29,,,,<31,
1993-04-07,1993,4,7,ха,13.1,,-3,,5.1,,12.9,,0,,0,,0,,0,,22,,,,<31,
1993-04-08,1993,4,8,ха,14.2,,0.2,,7.2,,10.8,,0,,0,,0,,0,,17,,,,<31,
1993-04-09,1993,4,9,ха,11.8,,1.7,,6.8,,11.2,,0,,0,,0,,0,,17,,,,<31,
1993-04-10,1993,4,10,ха,17,,6,,11.5,,6.5,,0,,17.2,,0,,17.2,,15,,14,,43,
1993-04-11,1993,4,11,ха,10.3,,2.2,,6.3,,11.7,,0,,2.4,,0,,2.4,,6,,,,<31,
1993-04-12,1993,4,12,ха,4.5,,2.1,,3.3,,14.7,,0,,1.4,,0,,1.4,,0,T,8,,32,
1993-04-13,1993,4,13,ха,6.1,,-1.3,,2.4,,15.6,,0,,0,T,0,,0,T,,,9,,35,
1993-04-14,1993,4,14,ха,6.6,,-2.6,,2,,16,,0,,,M,,M,,M,,,,,<31,
1993-04-15,1993,4,15,ха,7.4,,-1.4,,3,,15,,0,,0,T,0,,0,T,,,,,<31,
1993-04-16,1993,4,16,ха,11.7,,2,,6.9,,11.1,,0,,1,,0,,1,,,,,,<31,
1993-04-17,1993,4,17,ха,19.1,,5,,12.1,,5.9,,0,,23.6,,0,,23.6,,,,23,,59,
1993-04-18,1993,4,18,ха,6.6,,-1.4,,2.6,,15.4,,0,,1.2,,0,,1.2,,,,24,,35,
1993-04-19,1993,4,19,ха,6.8,,-1,,2.9,,15.1,,0,,0.6,,2.8,,4.8,,2,,34,,35,
1993-04-20,1993,4,20,ха,0.9,,-2.5,,-0.8,,18.8,,0,,13.6,,1.8,,18,,1,,8,,44,
1993-04-21,1993,4,21,ха,1.9,,0.2,,1.1,,16.9,,0,,20.8,,0,,20.8,,1,,,,<31,
1993-04-22,1993,4,22,ха,3,,0.6,,1.8,,16.2,,0,,9,,3.4,,12.6,,0,T,7,,59,
1993-04-23,1993,4,23,ха,5.4,,0.2,,2.8,,15.2,,0,,10.2,,4.2,,18.4,,2,,34,,63,
1993-04-24,1993,4,24,ха,13.6,,0.2,,6.9,,11.1,,0,,0,,0,,0,,,,32,,35,
1993-04-25,1993,4,25,ха,9,,5.3,,7.2,,10.8,,0,,14.4,,0,,14.4,,,,,,<31,
1993-04-26,1993,4,26,ха,9.8,,0.2,,5,,13,,0,,0,,0,,0,,,,34,,35,
1993-04-27,1993,4,27,ха,8.5,,-2.1,,3.2,,14.8,,0,,0,,0,,0,,,,,,<31,
1993-04-28,1993,4,28,ха,16.4,,-2.1,,7.2,,10.8,,0,,0,,0,,0,,,,,,<31,
1993-04-29,1993,4,29,ха,22.3,,5.2,,13.8,,4.2,,0,,,M,,M,,M,,,,,<31,
1993-04-30,1993,4,30,ха,11.7,,4.5,,8.1,,9.9,,0,,0,,0,,0,,,,9,,35,
1993-05-01,1993,5,1,ха,19.2,,3,,11.1,,6.9,,0,,0,,0,,0,,,,24,,43,
1993-05-02,1993,5,2,ха,16.1,,4.3,,10.2,,7.8,,0,,0,,0,,0,,,,,,<31,
1993-05-03,1993,5,3,ха,23,,7.3,,15.2,,2.8,,0,,0,T,0,,0,T,,,,,<31,
1993-05-04,1993,5,4,ха,21.8,,12,,16.9,,1.1,,0,,0,T,0,,0,T,,,,,<31,
1993-05-05,1993,5,5,ха,21.1,,11.1,,16.1,,1.9,,0,,7.6,,0,,7.6,,,,,,<31,
1993-05-06,1993,5,6,ха,21.8,,10.1,,16,,2,,0,,3.8,,0,,3.8,,,,35,,48,
1993-05-07,1993,5,7,ха,18.8,,9,,13.9,,4.1,,0,,0,,0,,0,,,,,,<31,
1993-05-08,1993,5,8,ха,22.4,,5.9,,14.2,,3.8,,0,,0,,0,,0,,,,24,,48,
1993-05-09,1993,5,9,ха,15.4,,7.9,,11.7,,6.3,,0,,0,,0,,0,,,,8,,37,
1993-05-10,1993,5,10,ха,12.3,,6.2,,9.3,,8.7,,0,,0.2,,0,,0.2,,,,8,,33,
1993-05-11,1993,5,11,ха,21.8,,6.2,,14,,4,,0,,3.8,,0,,3.8,,,,,,<31,
1993-05-12,1993,5,12,ха,14.6,,6.2,,10.4,,7.6,,0,,6.8,,0,,6.8,,,,,,<31,
1993-05-13,1993,5,13,ха,12,,1.8,,6.9,,11.1,,0,,0.2,,0,,0.2,,,,26,,33,
1993-05-14,1993,5,14,ха,13.5,,-0.6,,6.5,,11.5,,0,,0,,0,,0,,,,,,<31,
1993-05-15,1993,5,15,ха,7.9,,6.3,,7.1,,10.9,,0,,9.8,,0,,9.8,,,,8,,39,
1993-05-16,1993,5,16,ха,15.7,,5.5,,10.6,,7.4,,0,,22,,0,,22,,,,25,,74,
1993-05-17,1993,5,17,ха,14.3,,2.9,,8.6,,9.4,,0,,3.6,,0.2,,3.8,,,,24,,48,
1993-05-18,1993,5,18,ха,16.1,,1.4,,8.8,,9.2,,0,,0,,0,,0,,,,23,,33,
1993-05-19,1993,5,19,ха,17.1,,3.4,,10.3,,7.7,,0,,2.4,,0,,2.4,,,,,,<31,
1993-05-20,1993,5,20,ха,12.6,,9.4,,11,,7,,0,,12,,0,,12,,,,,,<31,
1993-05-21,1993,5,21,,,,,,,,,,,,,,,,,,,,,,,
1993-05-22,1993,5,22,ха,17.1,,2.3,,9.7,,8.3,,0,,2.4,,0,,2.4,,,,,,<31,
1993-05-23,1993,5,23,ха,19.3,,3.1,,11.2,,6.8,,0,,0,,0,,0,,,,,,<31,
1993-05-24,1993,5,24,ха,17,,6.4,,11.7,,6.3,,0,,12.2,,0,,12.2,,,,,,<31,
1993-05-25,1993,5,25,ха,19.2,,10.9,,15.1,,2.9,,0,,13,,0,,13,,,,25,,48,
1993-05-26,1993,5,26,ха,15.2,,7,,11.1,,6.9,,0,,0.2,,0,,0.2,,,,23,,37,
1993-05-27,1993,5,27,ха,18.8,,5,,11.9,,6.1,,0,,0.4,,0,,0.4,,,,29,,48,
1993-05-28,1993,5,28,ха,12.2,,4.1,,8.2,,9.8,,0,,0,,0,,0,,,,,,<31,
1993-05-29,1993,5,29,ха,17.8,,7.9,,12.9,,5.1,,0,,11.6,,0,,11.6,,,,33,,48,
1993-05-30,1993,5,30,ха,19.4,,7.7,,13.6,,4.4,,0,,0,,0,,0,,,,33,,33,
1993-05-31,1993,5,31,ха,12.6,,8.1,,10.4,,7.6,,0,,10,,0,,10,,,,8,,41,
1993-06-01,1993,6,1,ха,11.5,,6.5,,9,,9,,0,,35.2,,0,,35.2,,,,22,,44,
1993-06-02,1993,6,2,ха,14.8,,6.4,,10.6,,7.4,,0,,4,,0,,4,,,,25,,57,
1993-06-03,1993,6,3,ха,15.4,,6.3,,10.9,,7.1,,0,,1,,0,,1,,,,25,,35,
1993-06-04,1993,6,4,ха,19.1,,5.7,,12.4,,5.6,,0,,0,,0,,0,,,,32,,35,
1993-06-05,1993,6,5,ха,21.6,,5.6,,13.6,,4.4,,0,,0,,0,,0,,,,,,<31,
1993-06-06,1993,6,6,ха,14.7,,9.1,,11.9,,6.1,,0,,1.6,,0,,1.6,,,,,,<31,
1993-06-07,1993,6,7,ха,19.6,,6.5,,13.1,,4.9,,0,,2.2,,0,,2.2,,,,29,,50,
1993-06-08,1993,6,8,ха,20.7,,5.8,,13.3,,4.7,,0,,0,,0,,0,,,,23,,33,
1993-06-09,1993,6,9,ха,18.4,,5.5,,12,,6,,0,,4.8,,0,,4.8,,,,,,<31,
1993-06-10,1993,6,10,ха,21.8,,11.1,,16.5,,1.5,,0,,4.4,,0,,4.4,,,,27,,39,
1993-06-11,1993,6,11,ха,22.1,,11.4,,16.8,,1.2,,0,,1,,0,,1,,,,,,<31,
1993-06-12,1993,6,12,ха,26.5,,10.5,,18.5,,0,,0.5,,0,,0,,0,,,,,,<31,
1993-06-13,1993,6,13,ха,29,,11.8,,20.4,,0,,2.4,,0,,0,,0,,,,25,,32,
1993-06-14,1993,6,14,ха,30,,14.7,,22.4,,0,,4.4,,0,,0,,0,,,,,,<31,
1993-06-15,1993,6,15,ха,27.6,,14.5,,21.1,,0,,3.1,,0.4,,0,,0.4,,,,26,,44,
1993-06-16,1993,6,16,ха,21.6,,13.8,,17.7,,0.3,,0,,2.6,,0,,2.6,,,,31,,33,
1993-06-17,1993,6,17,ха,24.4,,9.8,,17.1,,0.9,,0,,0,,0,,0,,,,22,,37,
1993-06-18,1993,6,18,ха,16.8,,15.1,,16,,2,,0,,5.8,,0,,5.8,,,,,,<31,
1993-06-19,1993,6,19,ха,26.1,,13.1,,19.6,,0,,1.6,,0.2,,0,,0.2,,,,,,<31,
1993-06-20,1993,6,20,ха,26.6,,9.3,,18,,0,,0,,0,,0,,0,,,,,,<31,
1993-06-21,1993,6,21,ха,19.7,,14.7,,17.2,,0.8,,0,,8.4,,0,,8.4,,,,,,<31,
1993-06-22,1993,6,22,ха,19.5,,13.7,,16.6,,1.4,,0,,2.6,,0,,2.6,,,,34,,65,
1993-06-23,1993,6,23,ха,22.9,,8.4,,15.7,,2.3,,0,,0,,0,,0,,,,34,,41,
1993-06-24,1993,6,24,ха,24.8,,8.8,,16.8,,1.2,,0,,0,,0,,0,,,,,,<31,
1993-06-25,1993,6,25,ха,28.7,,9.2,,19,,0,,1,,0,,0,,0,,,,,,<31,
1993-06-26,1993,6,26,,,,,,,,,,,,,,,,,,,,,,,
1993-06-27,1993,6,27,ха,27.6,,16,,21.8,,0,,3.8,,0,,0,,0,,,,27,,37,
1993-06-28,1993,6,28,ха,27.5,,13.2,,20.4,,0,,2.4,,25,,0,,25,,,,23,,52,
1993-06-29,1993,6,29,ха,23.9,,11.6,,17.8,,0.2,,0,,1,,0,,1,,,,27,,33,
1993-06-30,1993,6,30,ха,21.8,,12.1,,17,,1,,0,,2,,0,,2,,,,,,<31,
1993-07-01,1993,7,1,ха,27.1,,8.8,,18,,0,,0,,0,,0,,0,,,,,,<31,
1993-07-02,1993,7,2,ха,27.6,,11.7,,19.7,,0,,1.7,,0,,0,,0,,,,,,<31,
1993-07-03,1993,7,3,ха,18.5,,15.7,,17.1,,0.9,,0,,14,,0,,14,,,,,,<31,
1993-07-04,1993,7,4,ха,26.5,,14.7,,20.6,,0,,2.6,,0,,0,,0,,,,,,<31,
1993-07-05,1993,7,5,ха,23.7,,13,,18.4,,0,,0.4,,0,,0,,0,,,,,,<31,
1993-07-06,1993,7,6,ха,31.6,,14.9,,23.3,,0,,5.3,,0,,0,,0,,,,,,<31,
1993-07-07,1993,7,7,ха,30.7,,19.6,,25.2,,0,,7.2,,0,,0,,0,,,,23,,35,
1993-07-08,1993,7,8,ха,27,,18.2,,22.6,,0,,4.6,,0,,0,,0,,,,,,<31,
1993-07-09,1993,7,9,ха,30.3,,16.8,,23.6,,0,,5.6,,0,,0,,0,,,,,,<31,
1993-07-10,1993,7,10,ха,30.4,,16.8,,23.6,,0,,5.6,,0.8,,0,,0.8,,,,26,,52,
1993-07-11,1993,7,11,ха,32,,16.1,,24.1,,0,,6.1,,0,,0,,0,,,,32,,52,
1993-07-12,1993,7,12,ха,20.9,,16,,18.5,,0,,0.5,,9.6,,0,,9.6,,,,,,<31,
1993-07-13,1993,7,13,ха,26.7,,14.6,,20.7,,0,,2.7,,0,T,0,,0,T,,,24,,41,
1993-07-14,1993,7,14,ха,25.4,,12.8,,19.1,,0,,1.1,,2.6,,0,,2.6,,,,25,,35,
1993-07-15,1993,7,15,ха,22.9,,12.4,,17.7,,0.3,,0,,0.4,,0,,0.4,,,,28,,39,
1993-07-16,1993,7,16,ха,20.7,,12.6,,16.7,,1.3,,0,,0.6,,0,,0.6,,,,30,,41,
1993-07-17,1993,7,17,ха,25.9,,13.1,,19.5,,0,,1.5,,0,,0,,0,,,,32,,35,
1993-07-18,1993,7,18,ха,27.8,,11.8,,19.8,,0,,1.8,,0,,0,,0,,,,25,,32,
1993-07-19,1993,7,19,ха,27.8,,16,,21.9,,0,,3.9,,2.2,,0,,2.2,,,,,,<31,
1993-07-20,1993,7,20,ха,21.3,,12,,16.7,,1.3,,0,,19.4,,0,,19.4,,,,32,,69,
1993-07-21,1993,7,21,ха,21,,12.8,,16.9,,1.1,,0,,4.2,,0,,4.2,,,,28,,35,
1993-07-22,1993,7,22,ха,19.8,,13.2,,16.5,,1.5,,0,,1.8,,0,,1.8,,,,28,,35,
1993-07-23,1993,7,23,ха,21.7,,11.3,,16.5,,1.5,,0,,7.2,,0,,7.2,,,,,,<31,
1993-07-24,1993,7,24,ха,23.1,,12.2,,17.7,,0.3,,0,,1.2,,0,,1.2,,,,,,<31,
1993-07-25,1993,7,25,ха,21.2,,13.3,,17.3,,0.7,,0,,0,,0,,0,,,,,,<31,
1993-07-26,1993,7,26,ха,25.2,,10.8,,18,,0,,0,,0.4,,0,,0.4,,,,,,<31,
1993-07-27,1993,7,27,ха,18.6,,15.6,,17.1,,0.9,,0,,20.6,,0,,20.6,,,,,,<31,
1993-07-28,1993,7,28,ха,25.2,,16.8,,21,,0,,3,,0,T,0,,0,T,,,,,<31,
1993-07-29,1993,7,29,ха,22.4,,18.3,,20.4,,0,,2.4,,24.6,,0,,24.6,,,,9,,32,
1993-07-30,1993,7,30,ха,23.5,,17.3,,20.4,,0,,2.4,,6.4,,0,,6.4,,,,,,<31,
1993-07-31,1993,7,31,ха,30.1,,16,,23.1,,0,,5.1,,0,T,0,,0,T,,,23,,35,
1993-08-01,1993,8,1,ха,28.8,,16,,22.4,,0,,4.4,,0,,0,,0,,,,,,<31,
1993-08-02,1993,8,2,ха,27.5,,17.1,,22.3,,0,,4.3,,28.4,,0,,28.4,,,,28,,56,
1993-08-03,1993,8,3,ха,26.7,,16.9,,21.8,,0,,3.8,,0,,0,,0,,,,26,,46,
1993-08-04,1993,8,4,ха,22.9,,14.8,,18.9,,0,,0.9,,3.8,,0,,3.8,,,,,,<31,
1993-08-05,1993,8,5,ха,21.4,,11,,16.2,,1.8,,0,,0,T,0,,0,T,,,,,<31,
1993-08-06,1993,8,6,ха,21.7,,10.3,,16,,2,,0,,0,T,0,,0,T,,,,,<31,
1993-08-07,1993,8,7,ха,25.5,,11.5,,18.5,,0,,0.5,,0,,0,,0,,,,,,<31,
1993-08-08,1993,8,8,ха,25.2,,11.1,,18.2,,0,,0.2,,0,,0,,0,,,,,,<31,
1993-08-09,1993,8,9,ха,25.8,,13.6,,19.7,,0,,1.7,,0,T,0,,0,T,,,27,,33,
1993-08-10,1993,8,10,ха,27.1,,13.8,,20.5,,0,,2.5,,16.4,,0,,16.4,,,,25,,67,
1993-08-11,1993,8,11,ха,22.3,,17,,19.7,,0,,1.7,,12.6,,0,,12.6,,,,,,<31,
1993-08-12,1993,8,12,ха,25.4,,17.3,,21.4,,0,,3.4,,0.6,,0,,0.6,,,,,,<31,
1993-08-13,1993,8,13,ха,23.6,,17.6,,20.6,,0,,2.6,,0.8,,0,,0.8,,,,,,<31,
1993-08-14,1993,8,14,ха,26.6,,17,,21.8,,0,,3.8,,0.8,,0,,0.8,,,,,,<31,
1993-08-15,1993,8,15,ха,24.4,,15.9,,20.2,,0,,2.2,,0,,0,,0,,,,,,<31,
1993-08-16,1993,8,16,ха,25.5,,15.8,,20.7,,0,,2.7,,2.8,,0,,2.8,,,,,,<31,
1993-08-17,1993,8,17,ха,25.4,,15.7,,20.6,,0,,2.6,,0.8,,0,,0.8,,,,,,<31,
1993-08-18,1993,8,18,ха,22.4,,15.2,,18.8,,0,,0.8,,0,,0,,0,,,,,,<31,
1993-08-19,1993,8,19,ха,24.8,,14,,19.4,,0,,1.4,,0,,0,,0,,,,,,<31,
1993-08-20,1993,8,20,ха,22,,13.4,,17.7,,0.3,,0,,1.6,,0,,1.6,,,,36,,33,
1993-08-21,1993,8,21,ха,19.3,,7.1,,13.2,,4.8,,0,,0,,0,,0,,,,27,,41,
1993-08-22,1993,8,22,ха,20.4,,6.3,,13.4,,4.6,,0,,0,,0,,0,,,,,,<31,
1993-08-23,1993,8,23,ха,25.3,,8.2,,16.8,,1.2,,0,,0,,0,,0,,,,,,<31,
1993-08-24,1993,8,24,,,,,,,,,,,,,,,,,,,,,,,
1993-08-25,1993,8,25,ха,28.7,,17.8,,23.3,,0,,5.3,,0,T,0,,0,T,,,,,<31,
1993-08-26,1993,8,26,ха,30.8,,18.9,,24.9,,0,,6.9,,0,,0,,0,,,,24,,32,
1993-08-27,1993,8,27,ха,29.7,,16.2,,23,,0,,5,,0,,0,,0,,,,,,<31,
1993-08-28,1993,8,28,ха,28,,11.3,,19.7,,0,,1.7,,0.4,,0,,0.4,,,,24,,48,
1993-08-29,1993,8,29,ха,22.9,,8.9,,15.9,,2.1,,0,,0,,0,,0,,,,26,,33,
1993-08-30,1993,8,30,ха,23.8,,10.9,,17.4,,0.6,,0,,0,,0,,0,,,,,,<31,
1993-08-31,1993,8,31,ха,21.8,,14.5,,18.2,,0,,0.2,,15.4,,0,,15.4,,,,24,,35,
1993-09-01,1993,9,1,ха,21.5,,10.2,,15.9,,2.1,,0,,0,,0,,0,,,,,,<31,
1993-09-02,1993,9,2,ха,23.2,,8.8,,16,,2,,0,,4.4,,0,,4.4,,,,,,<31,
1993-09-03,1993,9,3,ха,21.5,,16,,18.8,,0,,0.8,,46,,0,,46,,,,23,,32,
1993-09-04,1993,9,4,ха,20.6,,11.8,,16.2,,1.8,,0,,0,T,0,,0,T,,,,,<31,
1993-09-05,1993,9,5,ха,22.5,,11.4,,17,,1,,0,,0,,0,,0,,,,25,,44,
1993-09-06,1993,9,6,ха,17.5,,9.8,,13.7,,4.3,,0,,5.2,,0,,5.2,,,,,,<31,
1993-09-07,1993,9,7,ха,18.9,,8.1,,13.5,,4.5,,0,,0,,0,,0,,,,,,<31,
1993-09-08,1993,9,8,ха,19.6,,6.1,,12.9,,5.1,,0,,0,,0,,0,,,,,,<31,
1993-09-09,1993,9,9,ха,20,,9.8,,14.9,,3.1,,0,,10.2,,0,,10.2,,,,,,<31,
1993-09-10,1993,9,10,ха,19.7,,11.8,,15.8,,2.2,,0,,10,,0,,10,,,,24,,33,
1993-09-11,1993,9,11,ха,12.9,,3.9,,8.4,,9.6,,0,,3.8,,0,,3.8,,,,31,,37,
1993-09-12,1993,9,12,ха,16.3,,1.2,,8.8,,9.2,,0,,0.2,,0,,0.2,,,,,,<31,
1993-09-13,1993,9,13,ха,21.2,,12.1,,16.7,,1.3,,0,,0,T,0,,0,T,,,24,,35,
1993-09-14,1993,9,14,ха,27,,17.1,,22.1,,0,,4.1,,0,,0,,0,,,,24,,46,
1993-09-15,1993,9,15,ха,24.3,,7.7,,16,,2,,0,,2.2,,0,,2.2,,,,23,,46,
1993-09-16,1993,9,16,ха,15.6,,5.6,,10.6,,7.4,,0,,0,,0,,0,,,,9,,37,
1993-09-17,1993,9,17,ха,17.1,,7.6,,12.4,,5.6,,0,,0.2,,0,,0.2,,,,,,<31,
1993-09-18,1993,9,18,ха,16.2,,12,,14.1,,3.9,,0,,0,T,0,,0,T,,,,,<31,
1993-09-19,1993,9,19,ха,12.6,,2.1,,7.4,,10.6,,0,,0,T,0,,0,T,,,34,,46,
1993-09-20,1993,9,20,ха,14.5,,0.7,,7.6,,10.4,,0,,0,,0,,0,,,,27,,46,
1993-09-21,1993,9,21,ха,16.9,,2,,9.5,,8.5,,0,,0,,0,,0,,,,23,,35,
1993-09-22,1993,9,22,ха,19.5,,4.4,,12,,6,,0,,0,,0,,0,,,,,,<31,
1993-09-23,1993,9,23,ха,14.5,,6.7,,10.6,,7.4,,0,,19.6,,0,,19.6,,,,29,,35,
1993-09-24,1993,9,24,ха,17.2,,4.2,,10.7,,7.3,,0,,0,,0,,0,,,,23,,37,
1993-09-25,1993,9,25,ха,18.5,,6.4,,12.5,,5.5,,0,,0,,0,,0,,,,26,,39,
1993-09-26,1993,9,26,ха,11.4,,7.8,,9.6,,8.4,,0,,11.4,,0,,11.4,,,,8,,44,
1993-09-27,1993,9,27,ха,15.5,,11,,13.3,,4.7,,0,,4.4,,0,,4.4,,,,24,,39,
1993-09-28,1993,9,28,ха,14.2,,7.8,,11,,7,,0,,18.6,,0,,18.6,,,,24,,63,
1993-09-29,1993,9,29,ха,12.2,,4.4,,8.3,,9.7,,0,,7.6,,0,,7.6,,,,26,,43,
1993-09-30,1993,9,30,ха,8.9,,0.1,,4.5,,13.5,,0,,0,,0,,0,,,,,,<31,
1993-10-01,1993,10,1,ха,11.7,,-1.8,,5,,13,,0,,1.2,,0,T,1.2,,,,,,<31,
1993-10-02,1993,10,2,ха,11.6,,6.6,,9.1,,8.9,,0,,28.2,,0,,28.2,,,,,,<31,
1993-10-03,1993,10,3,ха,9.3,,4,,6.7,,11.3,,0,,2.4,,0,,2.4,,,,,,<31,
1993-10-04,1993,10,4,ха,9.9,,-1.6,,4.2,,13.8,,0,,7.4,,0,,7.4,,,,23,,56,
1993-10-05,1993,10,5,ха,7.4,,-2.1,,2.7,,15.3,,0,,0,,0,T,0,T,,,27,,33,
1993-10-06,1993,10,6,ха,11.8,,-0.6,,5.6,,12.4,,0,,0,T,0,,0,T,,,,,<31,
1993-10-07,1993,10,7,ха,17,,5.7,,11.4,,6.6,,0,,2.4,,0,,2.4,,,,,,<31,
1993-10-08,1993,10,8,ха,4,,1.6,,2.8,,15.2,,0,,4.2,,0.2,,4.4,,,,,,<31,
1993-10-09,1993,10,9,ха,6.5,,0.2,,3.4,,14.6,,0,,12.8,,0,,12.8,,,,8,,32,
1993-10-10,1993,10,10,ха,2.6,,-4.3,,-0.9,,18.9,,0,,0,,0,T,0,T,,,,,<31,
1993-10-11,1993,10,11,ха,5.1,,-6.6,,-0.8,,18.8,,0,,0,,0,,0,,,,,,<31,
1993-10-12,1993,10,12,ха,5.8,,-1,,2.4,,15.6,,0,,17.4,,0,,17.4,,,,,,<31,
1993-10-13,1993,10,13,ха,4.5,,-3.9,,0.3,,17.7,,0,,0.2,,0,,0.2,,,,,,<31,
1993-10-14,1993,10,14,ха,6.9,,-5.5,,0.7,,17.3,,0,,0,,0,,0,,,,,,<31,
1993-10-15,1993,10,15,,,,,,,,,,,,,,,,,,,,,,,
1993-10-16,1993,10,16,,,,,,,,,,,,,,,,,,,,,,,
1993-10-17,1993,10,17,ха,12.2,,10.2,,11.2,,6.8,,0,,28,,0,,28,,,,,,<31,
1993-10-18,1993,10,18,ха,13.8,,0.4,,7.1,,10.9,,0,,2.6,,0,,2.6,,,,26,,32,
1993-10-19,1993,10,19,ха,7.8,,-2.4,,2.7,,15.3,,0,,0,,0,,0,,,,,,<31,
1993-10-20,1993,10,20,ха,11.8,,-3.1,,4.4,,13.6,,0,,0,,0,,0,,,,,,<31,
1993-10-21,1993,10,21,ха,11.3,,4.3,,7.8,,10.2,,0,,40.6,,0,,40.6,,,,22,,33,
1993-10-22,1993,10,22,ха,9.7,,2.6,,6.2,,11.8,,0,,0.7,,0,,0.7,,,,25,,37,
1993-10-23,1993,10,23,ха,5.4,,-1.4,,2,,16,,0,,0,,0,,0,,,,,,<31,
1993-10-24,1993,10,24,ха,9.6,,-0.8,,4.4,,13.6,,0,,1.4,,0,T,1.4,,0,T,,,<31,
1993-10-25,1993,10,25,ха,5.4,,-4.3,,0.6,,17.4,,0,,0,,0,,0,,,,,,<31,
1993-10-26,1993,10,26,ха,4.2,,-5.9,,-0.9,,18.9,,0,,0,,0,,0,,,,,,<31,
1993-10-27,1993,10,27,ха,7.2,,1.6,,4.4,,13.6,,0,,3.8,,0,,3.8,,,,,,<31,
1993-10-28,1993,10,28,ха,6.7,,0.6,,3.7,,14.3,,0,,1.2,,0,,1.2,,,,,,<31,
1993-10-29,1993,10,29,ха,9,,-1.1,,4,,14,,0,,0,T,0,,0,T,,,24,,65,
1993-10-30,1993,10,30,ха,8.1,,0.6,,4.4,,13.6,,0,,0,,0,,0,,,,27,,33,
1993-10-31,1993,10,31,ха,5.1,,1.8,,3.5,,14.5,,0,,0,,0,T,0,T,,,7,,48,
1993-11-01,1993,11,1,ха,2.4,,-3.6,,-0.6,,18.6,,0,,0,,15,,10.4,,4,,7,,59,
1993-11-02,1993,11,2,ха,-1,,-9.7,,-5.4,,23.4,,0,,0,,0,,0,,,,23,,37,
1993-11-03,1993,11,3,,,,,,,,,,,,,,,,,,,,,,,
1993-11-04,1993,11,4,,,,,,,,,,,,,,,,,,,,,,,
1993-11-05,1993,11,5,ха,3.3,,1.5,,2.4,,15.6,,0,,10.6,,0,T,10.6,,2,,8,,44,
1993-11-06,1993,11,6,ха,8,,-1.2,,3.4,,14.6,,0,,8.8,,0,T,8.8,,,,24,,57,
1993-11-07,1993,11,7,ха,-1.2,,-6.8,,-4,,22,,0,,0,,0,,0,,,,25,,41,
1993-11-08,1993,11,8,ха,3.5,,-3.5,,0,,18,,0,,0,,0,T,0,T,,,24,,48,
1993-11-09,1993,11,9,ха,4.8,,-1.3,,1.8,,16.2,,0,,2.2,,0,T,2.2,,,,27,,41,
1993-11-10,1993,11,10,ха,2,,-4.3,,-1.2,,19.2,,0,,0,,3.6,,3.2,,1,,24,,33,
1993-11-11,1993,11,11,ха,0.1,,-3.5,,-1.7,,19.7,,0,,0.8,,10.6,,11,,1,,,,<31,
1993-11-12,1993,11,12,ха,3.4,,-7.5,,-2.1,,20.1,,0,,3.2,,0,T,3.2,,5,,31,,43,
1993-11-13,1993,11,13,ха,0.4,,-11.1,,-5.4,,23.4,,0,,2.6,,1,,4,,3,,,,<31,
1993-11-14,1993,11,14,,,,,,,,,,,,,,,,,,,,,,,
1993-11-15,1993,11,15,ха,3.3,,-0.1,,1.6,,16.4,,0,,7,,1.6,,8.6,,1,,9,,41,
1993-11-16,1993,11,16,ха,2.6,,-1,,0.8,,17.2,,0,,0,,0,T,0,T,1,,26,,32,
1993-11-17,1993,11,17,ха,5.2,,1.4,,3.3,,14.7,,0,,0,T,0,,0,T,,,,,<31,
1993-11-18,1993,11,18,ха,2.4,,-4.8,,-1.2,,19.2,,0,,0,,0,,0,,,,32,,35,
1993-11-19,1993,11,19,ха,5.5,,-5,,0.3,,17.7,,0,,5.8,,0,,5.8,,,,20,,41,
1993-11-20,1993,11,20,ха,5.8,,-4.7,,0.6,,17.4,,0,,2.8,,0,T,2.8,,,,25,,63,
1993-11-21,1993,11,21,ха,0.6,,-6.8,,-3.1,,21.1,,0,,0.2,,5.4,,5,,2,,27,,54,
1993-11-22,1993,11,22,ха,6.9,,-4,,1.5,,16.5,,0,,0.8,,0,T,0.8,,2,,25,,50,
1993-11-23,1993,11,23,ха,-3.9,,-8.2,,-6.1,,24.1,,0,,0,,2,,2,,2,,,,<31,
1993-11-24,1993,11,24,ха,-4.3,,-15,,-9.7,,27.7,,0,,0,,3,,2.8,,5,,35,,35,
1993-11-25,1993,11,25,ха,-8.4,,-19.4,,-13.9,,31.9,,0,,0,,0,,0,,4,,24,,41,
1993-11-26,1993,11,26,ха,-3.9,,-13.3,,-8.6,,26.6,,0,,0,,0,,0,,3,,24,,37,
1993-11-27,1993,11,27,ха,0.2,,-9.7,,-4.8,,22.8,,0,,0,,0,,0,,2,,,,<31,
1993-11-28,1993,11,28,ха,10.4,,-0.3,,5.1,,12.9,,0,,30.8,,0,,30.8,,2,,23,,72,
1993-11-29,1993,11,29,ха,3.3,,-2.5,,0.4,,17.6,,0,,0,T,0,,0,T,0,T,24,,63,
1993-11-30,1993,11,30,ха,-1.9,,-9.6,,-5.8,,23.8,,0,,0,,0,,0,,0,T,,,<31,
1993-12-01,1993,12,1,ха,-2,,-11.7,,-6.9,,24.9,,0,,0,,0,,0,,,,,,<31,
1993-12-02,1993,12,2,ха,2.2,,-10.8,,-4.3,,22.3,,0,,0,,0,,0,,,,,,<31,
1993-12-03,1993,12,3,ха,2.3,,-2,,0.2,,17.8,,0,,0,,4.6,,6.6,,3,,,,<31,
1993-12-04,1993,12,4,ха,2.5,,0.1,,1.3,,16.7,,0,,0.8,,2.4,,5.8,,2,,,,<31,
1993-12-05,1993,12,5,ха,2.2,,0,,1.1,,16.9,,0,,0,,2.2,,3.4,,4,,,,<31,
1993-12-06,1993,12,6,ха,0.5,,-1.2,,-0.4,,18.4,,0,,0,,0,,0,,2,,7,,39,
1993-12-07,1993,12,7,ха,0.4,,-4.3,,-2,,20,,0,,0,,3.6,,3.4,,4,,8,,35,
1993-12-08,1993,12,8,ха,-1,,-9.7,,-5.4,,23.4,,0,,0,,0,T,0,T,5,,,,<31,
1993-12-09,1993,12,9,ха,-2,,-14.1,,-8.1,,26.1,,0,,0,,1.2,,0.8,,5,,,,<31,
1993-12-10,1993,12,10,ха,2.6,,-4.2,,-0.8,,18.8,,0,,9,,3.2,,15.8,,6,,,,<31,
1993-12-11,1993,12,11,,,,,,,,,,,,,,,,,,,,,,,
1993-12-12,1993,12,12,,,,,,,,,,,,,,,,,,,,,,,
1993-12-13,1993,12,13,ха,-4.3,,-15.9,,-10.1,,28.1,,0,,0,,0,,0,,19,,,,<31,
1993-12-14,1993,12,14,ха,-0.8,,-6.6,,-3.7,,21.7,,0,,0,,0,,0,,18,,24,,37,
1993-12-15,1993,12,15,ха,1.7,,-4.3,,-1.3,,19.3,,0,,0,,0,,0,,17,,8,,43,
1993-12-16,1993,12,16,ха,-2.9,,-14.1,,-8.5,,26.5,,0,,0,,0,,0,,17,,8,,52,
1993-12-17,1993,12,17,ха,-6,,-15.8,,-10.9,,28.9,,0,,0,,0,T,0,T,17,,,,<31,
1993-12-18,1993,12,18,,,,,,,,,,,,,,,,,,,,,,,
1993-12-19,1993,12,19,ха,-1.7,,-6.4,,-4.1,,22.1,,0,,0,T,0,,0,T,16,,,,<31,
1993-12-20,1993,12,20,ха,0.9,,-4.4,,-1.8,,19.8,,0,,0,,0.2,,0.2,,16,,,,<31,
1993-12-21,1993,12,21,ха,2.6,,0.1,,1.4,,16.6,,0,,11.6,,8,,12.8,,16,,7,,78,
1993-12-22,1993,12,22,ха,1.7,,-15.1,,-6.7,,24.7,,0,,0.4,,6,,7.2,,23,,24,,69,
1993-12-23,1993,12,23,ха,-15.1,,-22.1,,-18.6,,36.6,,0,,0,,0,,0,,25,,,,<31,
1993-12-24,1993,12,24,,,,,,,,,,,,,,,,,,,,,,,
1993-12-25,1993,12,25,ха,-5,,-10.1,,-7.6,,25.6,,0,,0,,4.2,,2,,30,,,,<31,
1993-12-26,1993,12,26,ха,-6.7,,-27.5,,-17.1,,35.1,,0,,0,,6.6,,3.4,,38,,24,,69,
1993-12-27,1993,12,27,ха,-27.3,,-32.1,,-29.7,,47.7,,0,,0,,0,T,0,T,37,,27,,59,
1993-12-28,1993,12,28,ха,-24.5,,-32.3,,-28.4,,46.4,,0,,0,,0,,0,,37,,,,<31,
1993-12-29,1993,12,29,ха,-17,,-32.1,,-24.6,,42.6,,0,,0,,1,,1,,37,,7,,39,
1993-12-30,1993,12,30,,,,,,,,,,,,,,,,,,,,,,,
1993-12-31,1993,12,31,ха,-10.1,,-22.3,,-16.2,,34.2,,0,,0,,4,,3.4,,38,,,,<31,